2026-01-18 20:21:32,instances/dsjc250.5.col.txt,guloso,2,,,,4257438036,0.0001827,22
2026-01-18 20:21:32,instances/dsjc250.5.col.txt,guloso,2,,,,4260572936,0.0001738,22
2026-01-18 20:21:32,instances/dsjc250.5.col.txt,guloso,2,,,,4261192536,0.0001813,22
2026-01-18 20:21:32,instances/dsjc250.5.col.txt,guloso,2,,,,4261644236,0.0001601,22
2026-01-18 20:21:32,instances/dsjc250.5.col.txt,guloso,2,,,,4262172036,0.0001572,22
2026-01-18 20:21:32,instances/dsjc250.5.col.txt,guloso,2,,,,4262864336,0.000163,22
2026-01-18 20:21:32,instances/dsjc250.5.col.txt,guloso,2,,,,4263388736,0.000278,22
2026-01-18 20:21:32,instances/dsjc250.5.col.txt,guloso,2,,,,4264141136,0.0001973,22
2026-01-18 20:21:32,instances/dsjc250.5.col.txt,guloso,2,,,,4264709936,0.0001759,22
2026-01-18 20:21:32,instances/dsjc250.5.col.txt,guloso,2,,,,4265341936,0.000159,22
2026-01-18 20:50:36,instances/flat1000_76_0.col.txt,guloso,2,,,,202267564,0.0027594,68
2026-01-18 20:50:36,instances/flat1000_76_0.col.txt,guloso,2,,,,207193164,0.0030944,68
2026-01-18 20:50:36,instances/flat1000_76_0.col.txt,guloso,2,,,,210825264,0.0028502,68
2026-01-18 20:50:36,instances/flat1000_76_0.col.txt,guloso,2,,,,214122264,0.003196,68
2026-01-18 20:50:36,instances/flat1000_76_0.col.txt,guloso,2,,,,217688064,0.0027886,68
2026-01-18 20:50:36,instances/flat1000_76_0.col.txt,guloso,2,,,,221010064,0.00312,68
2026-01-18 20:50:36,instances/flat1000_76_0.col.txt,guloso,2,,,,224580964,0.0029131,68
2026-01-18 20:50:36,instances/flat1000_76_0.col.txt,guloso,2,,,,227903564,0.0027761,68
2026-01-18 20:50:36,instances/flat1000_76_0.col.txt,guloso,2,,,,231035164,0.0029413,68
2026-01-18 20:50:36,instances/flat1000_76_0.col.txt,guloso,2,,,,234326964,0.0029073,68
2026-01-18 20:52:58,instances/latin_square.col.txt,guloso,2,,,,312304996,0.0044108,103
2026-01-18 20:52:58,instances/latin_square.col.txt,guloso,2,,,,317838396,0.0045178,103
2026-01-18 20:52:58,instances/latin_square.col.txt,guloso,2,,,,322949096,0.0044764,103
2026-01-18 20:52:58,instances/latin_square.col.txt,guloso,2,,,,328293396,0.0044143,103
2026-01-18 20:52:58,instances/latin_square.col.txt,guloso,2,,,,333324996,0.0047937,103
2026-01-18 20:52:58,instances/latin_square.col.txt,guloso,2,,,,338721196,0.0050181,103
2026-01-18 20:52:58,instances/latin_square.col.txt,guloso,2,,,,344359696,0.0045102,103
2026-01-18 20:52:58,instances/latin_square.col.txt,guloso,2,,,,349441496,0.0047861,103
2026-01-18 20:52:58,instances/latin_square.col.txt,guloso,2,,,,354642696,0.0045287,103
2026-01-18 20:52:58,instances/latin_square.col.txt,guloso,2,,,,359689896,0.0046448,103
2026-01-18 20:53:43,instances/le450_25c.col.txt,guloso,2,,,,1745963336,0.000197,14
2026-01-18 20:53:43,instances/le450_25c.col.txt,guloso,2,,,,1747140236,0.0002194,14
2026-01-18 20:53:43,instances/le450_25c.col.txt,guloso,2,,,,1747908036,0.0001796,14
2026-01-18 20:53:43,instances/le450_25c.col.txt,guloso,2,,,,1748418736,0.0001938,14
2026-01-18 20:53:43,instances/le450_25c.col.txt,guloso,2,,,,1748847536,0.0001736,14
2026-01-18 20:53:43,instances/le450_25c.col.txt,guloso,2,,,,1749285236,0.0001656,14
2026-01-18 20:53:43,instances/le450_25c.col.txt,guloso,2,,,,1749684536,0.0001627,14
2026-01-18 20:53:43,instances/le450_25c.col.txt,guloso,2,,,,1750079636,0.0001618,14
2026-01-18 20:53:43,instances/le450_25c.col.txt,guloso,2,,,,1750467336,0.0001754,14
2026-01-18 20:53:43,instances/le450_25c.col.txt,guloso,2,,,,1751134736,0.0001958,14
2026-01-18 20:53:56,instances/le450_25d.col.txt,guloso,2,,,,2567949348,0.0002004,14
2026-01-18 20:53:56,instances/le450_25d.col.txt,guloso,2,,,,2569630148,0.0002106,14
2026-01-18 20:53:56,instances/le450_25d.col.txt,guloso,2,,,,2570271248,0.0001818,14
2026-01-18 20:53:56,instances/le450_25d.col.txt,guloso,2,,,,2570828548,0.0002257,14
2026-01-18 20:53:56,instances/le450_25d.col.txt,guloso,2,,,,2571519948,0.0002068,14
2026-01-18 20:53:56,instances/le450_25d.col.txt,guloso,2,,,,2572084848,0.0001691,14
2026-01-18 20:53:56,instances/le450_25d.col.txt,guloso,2,,,,2572801948,0.0002096,14
2026-01-18 20:53:56,instances/le450_25d.col.txt,guloso,2,,,,2574031348,0.0001862,14
2026-01-18 20:53:56,instances/le450_25d.col.txt,guloso,2,,,,2575168548,0.0001921,14
2026-01-18 20:53:56,instances/le450_25d.col.txt,guloso,2,,,,2576121348,0.0001927,14
2026-01-18 20:54:21,instances/r250.5.col.txt,guloso,2,,,,1640057972,0.0001778,25
2026-01-18 20:54:21,instances/r250.5.col.txt,guloso,2,,,,1641224672,0.0002374,25
2026-01-18 20:54:21,instances/r250.5.col.txt,guloso,2,,,,1641926172,0.0001739,25
2026-01-18 20:54:21,instances/r250.5.col.txt,guloso,2,,,,1642350972,0.0001673,25
2026-01-18 20:54:21,instances/r250.5.col.txt,guloso,2,,,,1642805372,0.0002417,25
2026-01-18 20:54:21,instances/r250.5.col.txt,guloso,2,,,,1643486472,0.0001746,25
2026-01-18 20:54:21,instances/r250.5.col.txt,guloso,2,,,,1643950972,0.0001622,25
2026-01-18 20:54:21,instances/r250.5.col.txt,guloso,2,,,,1644355672,0.000176,25
2026-01-18 20:54:21,instances/r250.5.col.txt,guloso,2,,,,1644782372,0.0001655,25
2026-01-18 20:54:21,instances/r250.5.col.txt,guloso,2,,,,1645214872,0.0001666,25
2026-01-18 20:54:34,instances/r1000.1c.col.txt,guloso,2,,,,1838123884,0.0047103,89
2026-01-18 20:54:34,instances/r1000.1c.col.txt,guloso,2,,,,1844063184,0.0049871,89
2026-01-18 20:54:34,instances/r1000.1c.col.txt,guloso,2,,,,1849496684,0.0048052,89
2026-01-18 20:54:34,instances/r1000.1c.col.txt,guloso,2,,,,1854909684,0.0054296,89
2026-01-18 20:54:34,instances/r1000.1c.col.txt,guloso,2,,,,1860944284,0.0050549,89
2026-01-18 20:54:34,instances/r1000.1c.col.txt,guloso,2,,,,1866552184,0.0048358,89
2026-01-18 20:54:34,instances/r1000.1c.col.txt,guloso,2,,,,1871982284,0.004769,89
2026-01-18 20:54:34,instances/r1000.1c.col.txt,guloso,2,,,,1877274084,0.0050904,89
2026-01-18 20:54:34,instances/r1000.1c.col.txt,guloso,2,,,,1882769584,0.0047441,89
2026-01-18 20:54:34,instances/r1000.1c.col.txt,guloso,2,,,,1887973784,0.004787,89
2026-01-18 20:55:00,instances/r1000.5.col.txt,guloso,2,,,,1892454708,0.0044758,90
2026-01-18 20:55:00,instances/r1000.5.col.txt,guloso,2,,,,1897987808,0.0045695,90
2026-01-18 20:55:00,instances/r1000.5.col.txt,guloso,2,,,,1903066008,0.0045776,90
2026-01-18 20:55:00,instances/r1000.5.col.txt,guloso,2,,,,1908175808,0.0045879,90
2026-01-18 20:55:00,instances/r1000.5.col.txt,guloso,2,,,,1913303408,0.0045914,90
2026-01-18 20:55:00,instances/r1000.5.col.txt,guloso,2,,,,1918324508,0.004765,90
2026-01-18 20:55:00,instances/r1000.5.col.txt,guloso,2,,,,1923551408,0.005251,90
2026-01-18 20:55:00,instances/r1000.5.col.txt,guloso,2,,,,1929288108,0.0044939,90
2026-01-18 20:55:00,instances/r1000.5.col.txt,guloso,2,,,,1934335908,0.0047747,90
2026-01-18 20:55:00,instances/r1000.5.col.txt,guloso,2,,,,1939516508,0.005042,90
2026-01-18 20:59:45,instances/flat1000_76_0.col.txt,randomizado,2,0.2,50,,3163419872,0.287699,67
2026-01-18 20:59:45,instances/flat1000_76_0.col.txt,randomizado,2,0.2,50,,3452577172,0.281275,67
2026-01-18 20:59:46,instances/flat1000_76_0.col.txt,randomizado,2,0.2,50,,3734432172,0.281532,67
2026-01-18 20:59:46,instances/flat1000_76_0.col.txt,randomizado,2,0.2,50,,4016461772,0.281144,67
2026-01-18 20:59:46,instances/flat1000_76_0.col.txt,randomizado,2,0.2,50,,3410076,0.281798,66
2026-01-18 20:59:47,instances/flat1000_76_0.col.txt,randomizado,2,0.2,50,,285804676,0.284466,67
2026-01-18 20:59:47,instances/flat1000_76_0.col.txt,randomizado,2,0.2,50,,570841376,0.279341,67
2026-01-18 20:59:47,instances/flat1000_76_0.col.txt,randomizado,2,0.2,50,,850870076,0.279295,66
2026-01-18 20:59:47,instances/flat1000_76_0.col.txt,randomizado,2,0.2,50,,1130958776,0.278026,67
2026-01-18 20:59:48,instances/flat1000_76_0.col.txt,randomizado,2,0.2,50,,1410362776,0.278225,67
2026-01-18 21:00:14,instances/latin_square.col.txt,randomizado,2,0.2,50,,1587444200,0.306501,97
2026-01-18 21:00:14,instances/latin_square.col.txt,randomizado,2,0.2,50,,1895046800,0.304452,97
2026-01-18 21:00:14,instances/latin_square.col.txt,randomizado,2,0.2,50,,2200299000,0.302832,97
2026-01-18 21:00:15,instances/latin_square.col.txt,randomizado,2,0.2,50,,2503864100,0.320498,97
2026-01-18 21:00:15,instances/latin_square.col.txt,randomizado,2,0.2,50,,2824841900,0.31402,98
2026-01-18 21:00:15,instances/latin_square.col.txt,randomizado,2,0.2,50,,3139524700,0.306562,98
2026-01-18 21:00:16,instances/latin_square.col.txt,randomizado,2,0.2,50,,3447149800,0.304149,98
2026-01-18 21:00:16,instances/latin_square.col.txt,randomizado,2,0.2,50,,3752081500,0.301203,98
2026-01-18 21:00:16,instances/latin_square.col.txt,randomizado,2,0.2,50,,4054233900,0.303491,98
2026-01-18 21:00:16,instances/latin_square.col.txt,randomizado,2,0.2,50,,63675704,0.31025,98
2026-01-18 21:00:18,instances/le450_25c.col.txt,randomizado,2,0.2,50,,1862392204,0.0400302,14
2026-01-18 21:00:18,instances/le450_25c.col.txt,randomizado,2,0.2,50,,1903485204,0.0392105,14
2026-01-18 21:00:18,instances/le450_25c.col.txt,randomizado,2,0.2,50,,1943148204,0.0403237,14
2026-01-18 21:00:18,instances/le450_25c.col.txt,randomizado,2,0.2,50,,1984096804,0.0385404,14
2026-01-18 21:00:18,instances/le450_25c.col.txt,randomizado,2,0.2,50,,2023204004,0.0407874,14
2026-01-18 21:00:18,instances/le450_25c.col.txt,randomizado,2,0.2,50,,2064621304,0.0395057,14
2026-01-18 21:00:18,instances/le450_25c.col.txt,randomizado,2,0.2,50,,2104571204,0.0387288,14
2026-01-18 21:00:18,instances/le450_25c.col.txt,randomizado,2,0.2,50,,2144084804,0.0403769,14
2026-01-18 21:00:18,instances/le450_25c.col.txt,randomizado,2,0.2,50,,2185014304,0.0390579,14
2026-01-18 21:00:18,instances/le450_25c.col.txt,randomizado,2,0.2,50,,2224688404,0.0399087,14
2026-01-18 21:00:21,instances/le450_25d.col.txt,randomizado,2,0.2,50,,944756408,0.041542,14
2026-01-18 21:00:21,instances/le450_25d.col.txt,randomizado,2,0.2,50,,987309708,0.0412287,14
2026-01-18 21:00:21,instances/le450_25d.col.txt,randomizado,2,0.2,50,,1028967508,0.0391024,14
2026-01-18 21:00:21,instances/le450_25d.col.txt,randomizado,2,0.2,50,,1068570008,0.03962,14
2026-01-18 21:00:21,instances/le450_25d.col.txt,randomizado,2,0.2,50,,1108600608,0.0408765,14
2026-01-18 21:00:22,instances/le450_25d.col.txt,randomizado,2,0.2,50,,1149985508,0.0442588,14
2026-01-18 21:00:22,instances/le450_25d.col.txt,randomizado,2,0.2,50,,1195099908,0.0424104,14
2026-01-18 21:00:22,instances/le450_25d.col.txt,randomizado,2,0.2,50,,1238256308,0.038805,14
2026-01-18 21:00:22,instances/le450_25d.col.txt,randomizado,2,0.2,50,,1277605308,0.0401122,14
2026-01-18 21:00:22,instances/le450_25d.col.txt,randomizado,2,0.2,50,,1318332408,0.0396096,14
2026-01-18 21:00:25,instances/r250.5.col.txt,randomizado,2,0.2,50,,73925412,0.0176428,24
2026-01-18 21:00:25,instances/r250.5.col.txt,randomizado,2,0.2,50,,92718312,0.0182341,24
2026-01-18 21:00:25,instances/r250.5.col.txt,randomizado,2,0.2,50,,111450012,0.0199746,24
2026-01-18 21:00:25,instances/r250.5.col.txt,randomizado,2,0.2,50,,131911012,0.0191564,24
2026-01-18 21:00:25,instances/r250.5.col.txt,randomizado,2,0.2,50,,151557612,0.0204317,24
2026-01-18 21:00:25,instances/r250.5.col.txt,randomizado,2,0.2,50,,172488912,0.0173237,24
2026-01-18 21:00:25,instances/r250.5.col.txt,randomizado,2,0.2,50,,190286712,0.0172289,24
2026-01-18 21:00:25,instances/r250.5.col.txt,randomizado,2,0.2,50,,208136912,0.0183453,24
2026-01-18 21:00:25,instances/r250.5.col.txt,randomizado,2,0.2,50,,226909512,0.0176891,24
2026-01-18 21:00:25,instances/r250.5.col.txt,randomizado,2,0.2,50,,245066412,0.0175456,24
2026-01-18 21:00:28,instances/r1000.1c.col.txt,randomizado,2,0.2,50,,3165890112,0.39562,85
2026-01-18 21:00:29,instances/r1000.1c.col.txt,randomizado,2,0.2,50,,3562625112,0.414146,87
2026-01-18 21:00:29,instances/r1000.1c.col.txt,randomizado,2,0.2,50,,3977400512,0.403325,86
2026-01-18 21:00:29,instances/r1000.1c.col.txt,randomizado,2,0.2,50,,86281416,0.403845,88
2026-01-18 21:00:30,instances/r1000.1c.col.txt,randomizado,2,0.2,50,,490645516,0.401294,87
2026-01-18 21:00:30,instances/r1000.1c.col.txt,randomizado,2,0.2,50,,892749216,0.402518,87
2026-01-18 21:00:31,instances/r1000.1c.col.txt,randomizado,2,0.2,50,,1295872516,0.39492,87
2026-01-18 21:00:31,instances/r1000.1c.col.txt,randomizado,2,0.2,50,,1691347216,0.450578,86
2026-01-18 21:00:31,instances/r1000.1c.col.txt,randomizado,2,0.2,50,,2142682216,0.409598,87
2026-01-18 21:00:32,instances/r1000.1c.col.txt,randomizado,2,0.2,50,,2553511316,0.394462,87
2026-01-18 21:00:34,instances/r1000.5.col.txt,randomizado,2,0.2,50,,28172420,0.376716,88
2026-01-18 21:00:34,instances/r1000.5.col.txt,randomizado,2,0.2,50,,406143320,0.377432,88
2026-01-18 21:00:34,instances/r1000.5.col.txt,randomizado,2,0.2,50,,784393920,0.401962,87
2026-01-18 21:00:35,instances/r1000.5.col.txt,randomizado,2,0.2,50,,1186826320,0.391645,87
2026-01-18 21:00:35,instances/r1000.5.col.txt,randomizado,2,0.2,50,,1579027020,0.405539,87
2026-01-18 21:00:36,instances/r1000.5.col.txt,randomizado,2,0.2,50,,1985177420,0.376003,88
2026-01-18 21:00:36,instances/r1000.5.col.txt,randomizado,2,0.2,50,,2361639920,0.376116,88
2026-01-18 21:00:36,instances/r1000.5.col.txt,randomizado,2,0.2,50,,2738280420,0.373582,88
2026-01-18 21:00:37,instances/r1000.5.col.txt,randomizado,2,0.2,50,,3112384020,0.374181,88
2026-01-18 21:00:37,instances/r1000.5.col.txt,randomizado,2,0.2,50,,3487257420,0.374387,88
2026-01-18 21:02:34,instances/flat1000_76_0.col.txt,randomizado,2,0.3,50,,271507432,0.285039,67
2026-01-18 21:02:34,instances/flat1000_76_0.col.txt,randomizado,2,0.3,50,,557729332,0.289857,67
2026-01-18 21:02:35,instances/flat1000_76_0.col.txt,randomizado,2,0.3,50,,848116132,0.292426,67
2026-01-18 21:02:35,instances/flat1000_76_0.col.txt,randomizado,2,0.3,50,,1141031432,0.300607,67
2026-01-18 21:02:35,instances/flat1000_76_0.col.txt,randomizado,2,0.3,50,,1442287032,0.296858,67
2026-01-18 21:02:36,instances/flat1000_76_0.col.txt,randomizado,2,0.3,50,,1739704332,0.284022,67
2026-01-18 21:02:36,instances/flat1000_76_0.col.txt,randomizado,2,0.3,50,,2024183732,0.281318,66
2026-01-18 21:02:36,instances/flat1000_76_0.col.txt,randomizado,2,0.3,50,,2306472332,0.281858,67
2026-01-18 21:02:36,instances/flat1000_76_0.col.txt,randomizado,2,0.3,50,,2588971332,0.287736,67
2026-01-18 21:02:37,instances/flat1000_76_0.col.txt,randomizado,2,0.3,50,,2877161632,0.28127,67
2026-01-18 21:02:39,instances/latin_square.col.txt,randomizado,2,0.3,50,,975794436,0.306358,97
2026-01-18 21:02:39,instances/latin_square.col.txt,randomizado,2,0.3,50,,1283211436,0.318831,97
2026-01-18 21:02:40,instances/latin_square.col.txt,randomizado,2,0.3,50,,1602572136,0.319018,97
2026-01-18 21:02:40,instances/latin_square.col.txt,randomizado,2,0.3,50,,1922198536,0.316065,96
2026-01-18 21:02:40,instances/latin_square.col.txt,randomizado,2,0.3,50,,2238707036,0.307304,98
2026-01-18 21:02:41,instances/latin_square.col.txt,randomizado,2,0.3,50,,2546631436,0.313904,98
2026-01-18 21:02:41,instances/latin_square.col.txt,randomizado,2,0.3,50,,2861323936,0.309866,98
2026-01-18 21:02:41,instances/latin_square.col.txt,randomizado,2,0.3,50,,3171839536,0.306535,98
2026-01-18 21:02:42,instances/latin_square.col.txt,randomizado,2,0.3,50,,3479269936,0.310075,98
2026-01-18 21:02:42,instances/latin_square.col.txt,randomizado,2,0.3,50,,3789945536,0.315299,98
2026-01-18 21:02:43,instances/le450_25c.col.txt,randomizado,2,0.3,50,,636880440,0.0395512,14
2026-01-18 21:02:43,instances/le450_25c.col.txt,randomizado,2,0.3,50,,677849340,0.0400156,14
2026-01-18 21:02:43,instances/le450_25c.col.txt,randomizado,2,0.3,50,,718685040,0.0395676,14
2026-01-18 21:02:43,instances/le450_25c.col.txt,randomizado,2,0.3,50,,759267440,0.0410191,14
2026-01-18 21:02:43,instances/le450_25c.col.txt,randomizado,2,0.3,50,,800968440,0.0404346,14
2026-01-18 21:02:43,instances/le450_25c.col.txt,randomizado,2,0.3,50,,841833240,0.0408516,14
2026-01-18 21:02:43,instances/le450_25c.col.txt,randomizado,2,0.3,50,,883203840,0.0580053,14
2026-01-18 21:02:43,instances/le450_25c.col.txt,randomizado,2,0.3,50,,941825840,0.0401233,14
2026-01-18 21:02:43,instances/le450_25c.col.txt,randomizado,2,0.3,50,,982533840,0.0403481,14
2026-01-18 21:02:43,instances/le450_25c.col.txt,randomizado,2,0.3,50,,1023487040,0.0431696,14
2026-01-18 21:02:46,instances/le450_25c.col.txt,randomizado,2,0.3,50,,3471674940,0.0391276,14
2026-01-18 21:02:46,instances/le450_25c.col.txt,randomizado,2,0.3,50,,3512321540,0.0398204,14
2026-01-18 21:02:46,instances/le450_25c.col.txt,randomizado,2,0.3,50,,3553133040,0.0399495,14
2026-01-18 21:02:46,instances/le450_25c.col.txt,randomizado,2,0.3,50,,3593604340,0.0398522,14
2026-01-18 21:02:46,instances/le450_25c.col.txt,randomizado,2,0.3,50,,3633970040,0.0392352,14
2026-01-18 21:02:46,instances/le450_25c.col.txt,randomizado,2,0.3,50,,3673773940,0.039325,14
2026-01-18 21:02:46,instances/le450_25c.col.txt,randomizado,2,0.3,50,,3713839840,0.0395257,14
2026-01-18 21:02:46,instances/le450_25c.col.txt,randomizado,2,0.3,50,,3753925040,0.038937,14
2026-01-18 21:02:46,instances/le450_25c.col.txt,randomizado,2,0.3,50,,3793378440,0.0389676,14
2026-01-18 21:02:46,instances/le450_25c.col.txt,randomizado,2,0.3,50,,3832976240,0.0392835,14
2026-01-18 21:02:49,instances/le450_25d.col.txt,randomizado,2,0.3,50,,3018331644,0.0400135,14
2026-01-18 21:02:49,instances/le450_25d.col.txt,randomizado,2,0.3,50,,3059484744,0.0453537,14
2026-01-18 21:02:50,instances/le450_25d.col.txt,randomizado,2,0.3,50,,3105496144,0.0434897,14
2026-01-18 21:02:50,instances/le450_25d.col.txt,randomizado,2,0.3,50,,3149433944,0.0441258,14
2026-01-18 21:02:50,instances/le450_25d.col.txt,randomizado,2,0.3,50,,3194148344,0.0397562,14
2026-01-18 21:02:50,instances/le450_25d.col.txt,randomizado,2,0.3,50,,3234315044,0.0415324,14
2026-01-18 21:02:50,instances/le450_25d.col.txt,randomizado,2,0.3,50,,3276293144,0.043993,14
2026-01-18 21:02:50,instances/le450_25d.col.txt,randomizado,2,0.3,50,,3320683044,0.0416514,14
2026-01-18 21:02:50,instances/le450_25d.col.txt,randomizado,2,0.3,50,,3362906444,0.0386628,14
2026-01-18 21:02:50,instances/le450_25d.col.txt,randomizado,2,0.3,50,,3402278244,0.0413401,14
2026-01-18 21:02:53,instances/r250.5.col.txt,randomizado,2,0.3,50,,2546049548,0.0183711,24
2026-01-18 21:02:53,instances/r250.5.col.txt,randomizado,2,0.3,50,,2565476948,0.0178655,24
2026-01-18 21:02:53,instances/r250.5.col.txt,randomizado,2,0.3,50,,2583760548,0.0174002,24
2026-01-18 21:02:53,instances/r250.5.col.txt,randomizado,2,0.3,50,,2601749848,0.017751,24
2026-01-18 21:02:53,instances/r250.5.col.txt,randomizado,2,0.3,50,,2620163348,0.0171542,24
2026-01-18 21:02:53,instances/r250.5.col.txt,randomizado,2,0.3,50,,2637870848,0.0173458,24
2026-01-18 21:02:53,instances/r250.5.col.txt,randomizado,2,0.3,50,,2655890348,0.0175882,24
2026-01-18 21:02:53,instances/r250.5.col.txt,randomizado,2,0.3,50,,2674026148,0.017425,24
2026-01-18 21:02:53,instances/r250.5.col.txt,randomizado,2,0.3,50,,2691956148,0.0182001,24
2026-01-18 21:02:53,instances/r250.5.col.txt,randomizado,2,0.3,50,,2710597248,0.0180758,24
2026-01-18 21:02:57,instances/r1000.1c.col.txt,randomizado,2,0.3,50,,1962103352,0.403747,89
2026-01-18 21:02:58,instances/r1000.1c.col.txt,randomizado,2,0.3,50,,2366978052,0.414666,88
2026-01-18 21:02:58,instances/r1000.1c.col.txt,randomizado,2,0.3,50,,2782227552,0.407059,89
2026-01-18 21:02:59,instances/r1000.1c.col.txt,randomizado,2,0.3,50,,3189896352,0.406216,87
2026-01-18 21:02:59,instances/r1000.1c.col.txt,randomizado,2,0.3,50,,3596786152,0.399841,89
2026-01-18 21:02:59,instances/r1000.1c.col.txt,randomizado,2,0.3,50,,3997075552,0.402464,88
2026-01-18 21:03:00,instances/r1000.1c.col.txt,randomizado,2,0.3,50,,105097656,0.405851,89
2026-01-18 21:03:00,instances/r1000.1c.col.txt,randomizado,2,0.3,50,,511478756,0.40623,88
2026-01-18 21:03:01,instances/r1000.1c.col.txt,randomizado,2,0.3,50,,918172956,0.403261,89
2026-01-18 21:03:01,instances/r1000.1c.col.txt,randomizado,2,0.3,50,,1322274056,0.409896,87
2026-01-18 21:03:06,instances/r1000.5.col.txt,randomizado,2,0.3,50,,2366089060,0.37443,88
2026-01-18 21:03:07,instances/r1000.5.col.txt,randomizado,2,0.3,50,,2741692260,0.374429,87
2026-01-18 21:03:07,instances/r1000.5.col.txt,randomizado,2,0.3,50,,3116723560,0.373306,89
2026-01-18 21:03:07,instances/r1000.5.col.txt,randomizado,2,0.3,50,,3490769460,0.381016,88
2026-01-18 21:03:08,instances/r1000.5.col.txt,randomizado,2,0.3,50,,3872403460,0.388632,88
2026-01-18 21:03:08,instances/r1000.5.col.txt,randomizado,2,0.3,50,,4261511460,0.372408,88
2026-01-18 21:03:09,instances/r1000.5.col.txt,randomizado,2,0.3,50,,339568964,0.370597,88
2026-01-18 21:03:09,instances/r1000.5.col.txt,randomizado,2,0.3,50,,710637464,0.370156,88
2026-01-18 21:03:09,instances/r1000.5.col.txt,randomizado,2,0.3,50,,1081483964,0.36796,88
2026-01-18 21:03:10,instances/r1000.5.col.txt,randomizado,2,0.3,50,,1450594364,0.367626,89
2026-01-18 21:04:31,instances/flat1000_76_0.col.txt,randomizado,2,0.4,50,,1600133840,0.286039,67
2026-01-18 21:04:32,instances/flat1000_76_0.col.txt,randomizado,2,0.4,50,,1887363840,0.283462,67
2026-01-18 21:04:32,instances/flat1000_76_0.col.txt,randomizado,2,0.4,50,,2171341240,0.292964,67
2026-01-18 21:04:32,instances/flat1000_76_0.col.txt,randomizado,2,0.4,50,,2464832940,0.297265,66
2026-01-18 21:04:33,instances/flat1000_76_0.col.txt,randomizado,2,0.4,50,,2762673340,0.297932,67
2026-01-18 21:04:33,instances/flat1000_76_0.col.txt,randomizado,2,0.4,50,,3061164040,0.286712,67
2026-01-18 21:04:33,instances/flat1000_76_0.col.txt,randomizado,2,0.4,50,,3348369740,0.284653,67
2026-01-18 21:04:33,instances/flat1000_76_0.col.txt,randomizado,2,0.4,50,,3633505640,0.285613,67
2026-01-18 21:04:34,instances/flat1000_76_0.col.txt,randomizado,2,0.4,50,,3919685740,0.290059,67
2026-01-18 21:04:34,instances/flat1000_76_0.col.txt,randomizado,2,0.4,50,,4210340240,0.326744,67
2026-01-18 21:04:36,instances/latin_square.col.txt,randomizado,2,0.4,50,,2100110744,0.309744,97
2026-01-18 21:04:36,instances/latin_square.col.txt,randomizado,2,0.4,50,,2410940444,0.308236,98
2026-01-18 21:04:37,instances/latin_square.col.txt,randomizado,2,0.4,50,,2719672244,0.312145,97
2026-01-18 21:04:37,instances/latin_square.col.txt,randomizado,2,0.4,50,,3032399344,0.318961,98
2026-01-18 21:04:37,instances/latin_square.col.txt,randomizado,2,0.4,50,,3351958644,0.320154,98
2026-01-18 21:04:38,instances/latin_square.col.txt,randomizado,2,0.4,50,,3672715244,0.30769,97
2026-01-18 21:04:38,instances/latin_square.col.txt,randomizado,2,0.4,50,,3980897544,0.308236,98
2026-01-18 21:04:38,instances/latin_square.col.txt,randomizado,2,0.4,50,,4289594444,0.306297,97
2026-01-18 21:04:39,instances/latin_square.col.txt,randomizado,2,0.4,50,,301456048,0.308013,97
2026-01-18 21:04:39,instances/latin_square.col.txt,randomizado,2,0.4,50,,609980548,0.318795,98
2026-01-18 21:04:40,instances/le450_25c.col.txt,randomizado,2,0.4,50,,1772839848,0.0412179,15
2026-01-18 21:04:40,instances/le450_25c.col.txt,randomizado,2,0.4,50,,1815336348,0.0394943,15
2026-01-18 21:04:40,instances/le450_25c.col.txt,randomizado,2,0.4,50,,1855327448,0.0394104,15
2026-01-18 21:04:40,instances/le450_25c.col.txt,randomizado,2,0.4,50,,1895285348,0.0389039,15
2026-01-18 21:04:40,instances/le450_25c.col.txt,randomizado,2,0.4,50,,1934803248,0.0395398,15
2026-01-18 21:04:40,instances/le450_25c.col.txt,randomizado,2,0.4,50,,1974899748,0.0400591,15
2026-01-18 21:04:40,instances/le450_25c.col.txt,randomizado,2,0.4,50,,2015585548,0.0389472,15
2026-01-18 21:04:40,instances/le450_25c.col.txt,randomizado,2,0.4,50,,2054992148,0.04068,15
2026-01-18 21:04:40,instances/le450_25c.col.txt,randomizado,2,0.4,50,,2096162348,0.0408342,15
2026-01-18 21:04:40,instances/le450_25c.col.txt,randomizado,2,0.4,50,,2137632648,0.0412426,15
2026-01-18 21:04:43,instances/le450_25c.col.txt,randomizado,2,0.4,50,,683842152,0.0397305,15
2026-01-18 21:04:43,instances/le450_25c.col.txt,randomizado,2,0.4,50,,724729252,0.0419507,15
2026-01-18 21:04:43,instances/le450_25c.col.txt,randomizado,2,0.4,50,,767316652,0.0411592,15
2026-01-18 21:04:43,instances/le450_25c.col.txt,randomizado,2,0.4,50,,808902752,0.0419278,15
2026-01-18 21:04:43,instances/le450_25c.col.txt,randomizado,2,0.4,50,,851361752,0.0411076,15
2026-01-18 21:04:43,instances/le450_25c.col.txt,randomizado,2,0.4,50,,892915152,0.0411078,15
2026-01-18 21:04:43,instances/le450_25c.col.txt,randomizado,2,0.4,50,,934483052,0.0405538,15
2026-01-18 21:04:43,instances/le450_25c.col.txt,randomizado,2,0.4,50,,975570452,0.0409642,15
2026-01-18 21:04:43,instances/le450_25c.col.txt,randomizado,2,0.4,50,,1017157152,0.0390397,15
2026-01-18 21:04:43,instances/le450_25c.col.txt,randomizado,2,0.4,50,,1056759152,0.0403628,15
2026-01-18 21:04:47,instances/le450_25d.col.txt,randomizado,2,0.4,50,,271360256,0.0412167,15
2026-01-18 21:04:47,instances/le450_25d.col.txt,randomizado,2,0.4,50,,313619256,0.0406809,15
2026-01-18 21:04:47,instances/le450_25d.col.txt,randomizado,2,0.4,50,,354865256,0.0391675,15
2026-01-18 21:04:47,instances/le450_25d.col.txt,randomizado,2,0.4,50,,394498656,0.0401695,15
2026-01-18 21:04:47,instances/le450_25d.col.txt,randomizado,2,0.4,50,,435165256,0.0436049,15
2026-01-18 21:04:47,instances/le450_25d.col.txt,randomizado,2,0.4,50,,479219656,0.0417682,15
2026-01-18 21:04:47,instances/le450_25d.col.txt,randomizado,2,0.4,50,,521461256,0.0412348,15
2026-01-18 21:04:47,instances/le450_25d.col.txt,randomizado,2,0.4,50,,563269956,0.0398929,15
2026-01-18 21:04:47,instances/le450_25d.col.txt,randomizado,2,0.4,50,,603959556,0.0391986,15
2026-01-18 21:04:47,instances/le450_25d.col.txt,randomizado,2,0.4,50,,643606456,0.0404986,15
2026-01-18 21:04:51,instances/r250.5.col.txt,randomizado,2,0.4,50,,4191726456,0.0182663,24
2026-01-18 21:04:51,instances/r250.5.col.txt,randomizado,2,0.4,50,,4211429156,0.0176264,25
2026-01-18 21:04:51,instances/r250.5.col.txt,randomizado,2,0.4,50,,4229696956,0.0203198,25
2026-01-18 21:04:51,instances/r250.5.col.txt,randomizado,2,0.4,50,,4250513556,0.0184284,24
2026-01-18 21:04:51,instances/r250.5.col.txt,randomizado,2,0.4,50,,4269388856,0.0175623,24
2026-01-18 21:04:51,instances/r250.5.col.txt,randomizado,2,0.4,50,,4287581456,0.0181329,24
2026-01-18 21:04:51,instances/r250.5.col.txt,randomizado,2,0.4,50,,11506460,0.0280276,24
2026-01-18 21:04:51,instances/r250.5.col.txt,randomizado,2,0.4,50,,41095460,0.0195432,24
2026-01-18 21:04:51,instances/r250.5.col.txt,randomizado,2,0.4,50,,61108560,0.0172071,24
2026-01-18 21:04:51,instances/r250.5.col.txt,randomizado,2,0.4,50,,78782060,0.0175545,24
2026-01-18 21:04:55,instances/r1000.1c.col.txt,randomizado,2,0.4,50,,4055088560,0.403286,90
2026-01-18 21:04:56,instances/r1000.1c.col.txt,randomizado,2,0.4,50,,164452364,0.403229,89
2026-01-18 21:04:56,instances/r1000.1c.col.txt,randomizado,2,0.4,50,,568326364,0.411739,89
2026-01-18 21:04:57,instances/r1000.1c.col.txt,randomizado,2,0.4,50,,980610664,0.41378,90
2026-01-18 21:04:57,instances/r1000.1c.col.txt,randomizado,2,0.4,50,,1394935764,0.43822,89
2026-01-18 21:04:57,instances/r1000.1c.col.txt,randomizado,2,0.4,50,,1833666764,0.405243,90
2026-01-18 21:04:58,instances/r1000.1c.col.txt,randomizado,2,0.4,50,,2239799164,0.40642,90
2026-01-18 21:04:58,instances/r1000.1c.col.txt,randomizado,2,0.4,50,,2646879764,0.409365,89
2026-01-18 21:04:59,instances/r1000.1c.col.txt,randomizado,2,0.4,50,,3056877764,0.420959,90
2026-01-18 21:04:59,instances/r1000.1c.col.txt,randomizado,2,0.4,50,,3478250264,0.425821,88
2026-01-18 21:05:02,instances/r1000.5.col.txt,randomizado,2,0.4,50,,2294143168,0.364654,89
2026-01-18 21:05:03,instances/r1000.5.col.txt,randomizado,2,0.4,50,,2660117068,0.373244,88
2026-01-18 21:05:03,instances/r1000.5.col.txt,randomizado,2,0.4,50,,3033978468,0.369602,88
2026-01-18 21:05:03,instances/r1000.5.col.txt,randomizado,2,0.4,50,,3404029568,0.369308,88
2026-01-18 21:05:04,instances/r1000.5.col.txt,randomizado,2,0.4,50,,3773792268,0.374285,89
2026-01-18 21:05:04,instances/r1000.5.col.txt,randomizado,2,0.4,50,,4148548168,0.37039,89
2026-01-18 21:05:04,instances/r1000.5.col.txt,randomizado,2,0.4,50,,224696972,0.371603,88
2026-01-18 21:05:05,instances/r1000.5.col.txt,randomizado,2,0.4,50,,597009972,0.359729,88
2026-01-18 21:05:05,instances/r1000.5.col.txt,randomizado,2,0.4,50,,957231072,0.36085,89
2026-01-18 21:05:05,instances/r1000.5.col.txt,randomizado,2,0.4,50,,1318853672,0.364636,89
2026-01-18 21:07:27,instances/flat1000_76_0.col.txt,randomizado,2,0.9,50,,1124884004,0.285425,67
2026-01-18 21:07:27,instances/flat1000_76_0.col.txt,randomizado,2,0.9,50,,1411638904,0.289476,68
2026-01-18 21:07:28,instances/flat1000_76_0.col.txt,randomizado,2,0.9,50,,1701541804,0.290498,67
2026-01-18 21:07:28,instances/flat1000_76_0.col.txt,randomizado,2,0.9,50,,1992670604,0.303133,68
2026-01-18 21:07:28,instances/flat1000_76_0.col.txt,randomizado,2,0.9,50,,2296420004,0.28999,68
2026-01-18 21:07:28,instances/flat1000_76_0.col.txt,randomizado,2,0.9,50,,2586902404,0.285753,68
2026-01-18 21:07:29,instances/flat1000_76_0.col.txt,randomizado,2,0.9,50,,2873024104,0.291159,68
2026-01-18 21:07:29,instances/flat1000_76_0.col.txt,randomizado,2,0.9,50,,3164726104,0.29064,68
2026-01-18 21:07:29,instances/flat1000_76_0.col.txt,randomizado,2,0.9,50,,3455965704,0.295625,68
2026-01-18 21:07:30,instances/flat1000_76_0.col.txt,randomizado,2,0.9,50,,3752061904,0.301612,67
2026-01-18 21:07:31,instances/latin_square.col.txt,randomizado,2,0.9,50,,1026775608,0.328004,98
2026-01-18 21:07:32,instances/latin_square.col.txt,randomizado,2,0.9,50,,1355811208,0.311641,97
2026-01-18 21:07:32,instances/latin_square.col.txt,randomizado,2,0.9,50,,1668054108,0.312534,98
2026-01-18 21:07:32,instances/latin_square.col.txt,randomizado,2,0.9,50,,1981047408,0.311405,97
2026-01-18 21:07:32,instances/latin_square.col.txt,randomizado,2,0.9,50,,2292969508,0.310506,97
2026-01-18 21:07:33,instances/latin_square.col.txt,randomizado,2,0.9,50,,2603978108,0.314953,98
2026-01-18 21:07:33,instances/latin_square.col.txt,randomizado,2,0.9,50,,2919534908,0.329031,97
2026-01-18 21:07:33,instances/latin_square.col.txt,randomizado,2,0.9,50,,3249030008,0.31382,98
2026-01-18 21:07:34,instances/latin_square.col.txt,randomizado,2,0.9,50,,3563658508,0.310574,98
2026-01-18 21:07:34,instances/latin_square.col.txt,randomizado,2,0.9,50,,3874721208,0.308296,97
2026-01-18 21:07:34,instances/le450_25c.col.txt,randomizado,2,0.9,50,,18329012,0.0387043,16
2026-01-18 21:07:34,instances/le450_25c.col.txt,randomizado,2,0.9,50,,58178312,0.0391684,16
2026-01-18 21:07:34,instances/le450_25c.col.txt,randomizado,2,0.9,50,,97811812,0.038725,16
2026-01-18 21:07:34,instances/le450_25c.col.txt,randomizado,2,0.9,50,,137243412,0.039596,16
2026-01-18 21:07:34,instances/le450_25c.col.txt,randomizado,2,0.9,50,,177433912,0.0414321,16
2026-01-18 21:07:34,instances/le450_25c.col.txt,randomizado,2,0.9,50,,219456712,0.0414829,16
2026-01-18 21:07:34,instances/le450_25c.col.txt,randomizado,2,0.9,50,,261475212,0.0408396,16
2026-01-18 21:07:34,instances/le450_25c.col.txt,randomizado,2,0.9,50,,303109612,0.0412543,16
2026-01-18 21:07:35,instances/le450_25c.col.txt,randomizado,2,0.9,50,,344902512,0.0396811,16
2026-01-18 21:07:35,instances/le450_25c.col.txt,randomizado,2,0.9,50,,385286812,0.0383917,16
2026-01-18 21:07:57,instances/flat1000_76_0.col.txt,randomizado,2,0.9,50,,1153370432,0.283603,68
2026-01-18 21:07:57,instances/flat1000_76_0.col.txt,randomizado,2,0.9,50,,1438443232,0.314412,68
2026-01-18 21:07:58,instances/flat1000_76_0.col.txt,randomizado,2,0.9,50,,1753590532,0.289728,68
2026-01-18 21:07:58,instances/flat1000_76_0.col.txt,randomizado,2,0.9,50,,2044304532,0.290722,68
2026-01-18 21:07:58,instances/flat1000_76_0.col.txt,randomizado,2,0.9,50,,2335705632,0.281176,68
2026-01-18 21:07:59,instances/flat1000_76_0.col.txt,randomizado,2,0.9,50,,2617551632,0.286165,68
2026-01-18 21:07:59,instances/flat1000_76_0.col.txt,randomizado,2,0.9,50,,2904636732,0.283066,68
2026-01-18 21:07:59,instances/flat1000_76_0.col.txt,randomizado,2,0.9,50,,3188347132,0.282635,67
2026-01-18 21:07:59,instances/flat1000_76_0.col.txt,randomizado,2,0.9,50,,3471515532,0.283082,68
2026-01-18 21:08:00,instances/flat1000_76_0.col.txt,randomizado,2,0.9,50,,3755100132,0.297958,68
2026-01-18 21:08:06,instances/latin_square.col.txt,randomizado,2,0.9,50,,1244350340,0.312826,97
2026-01-18 21:08:06,instances/latin_square.col.txt,randomizado,2,0.9,50,,1558437440,0.31939,98
2026-01-18 21:08:06,instances/latin_square.col.txt,randomizado,2,0.9,50,,1878332840,0.327192,97
2026-01-18 21:08:07,instances/latin_square.col.txt,randomizado,2,0.9,50,,2206076640,0.320194,98
2026-01-18 21:08:07,instances/latin_square.col.txt,randomizado,2,0.9,50,,2527184040,0.309975,97
2026-01-18 21:08:07,instances/latin_square.col.txt,randomizado,2,0.9,50,,2837593340,0.311434,98
2026-01-18 21:08:08,instances/latin_square.col.txt,randomizado,2,0.9,50,,3149477440,0.328139,97
2026-01-18 21:08:08,instances/latin_square.col.txt,randomizado,2,0.9,50,,3478210940,0.317092,98
2026-01-18 21:08:08,instances/latin_square.col.txt,randomizado,2,0.9,50,,3795756040,0.315751,97
2026-01-18 21:08:09,instances/latin_square.col.txt,randomizado,2,0.9,50,,4112275940,0.30969,97
2026-01-18 21:08:11,instances/le450_25c.col.txt,randomizado,2,0.9,50,,2269114344,0.0403613,16
2026-01-18 21:08:11,instances/le450_25c.col.txt,randomizado,2,0.9,50,,2310866644,0.0382051,16
2026-01-18 21:08:11,instances/le450_25c.col.txt,randomizado,2,0.9,50,,2349602944,0.0397388,16
2026-01-18 21:08:11,instances/le450_25c.col.txt,randomizado,2,0.9,50,,2389827244,0.0400448,16
2026-01-18 21:08:11,instances/le450_25c.col.txt,randomizado,2,0.9,50,,2430313144,0.0392683,16
2026-01-18 21:08:11,instances/le450_25c.col.txt,randomizado,2,0.9,50,,2470084644,0.0401341,16
2026-01-18 21:08:11,instances/le450_25c.col.txt,randomizado,2,0.9,50,,2510821644,0.0402055,16
2026-01-18 21:08:11,instances/le450_25c.col.txt,randomizado,2,0.9,50,,2551854644,0.0398548,16
2026-01-18 21:08:11,instances/le450_25c.col.txt,randomizado,2,0.9,50,,2592313544,0.038294,16
2026-01-18 21:08:11,instances/le450_25c.col.txt,randomizado,2,0.9,50,,2631135344,0.0393427,16
2026-01-18 21:08:16,instances/le450_25d.col.txt,randomizado,2,0.9,50,,3076019748,0.0410083,16
2026-01-18 21:08:16,instances/le450_25d.col.txt,randomizado,2,0.9,50,,3118098448,0.0416408,16
2026-01-18 21:08:16,instances/le450_25d.col.txt,randomizado,2,0.9,50,,3160276048,0.0416088,16
2026-01-18 21:08:16,instances/le450_25d.col.txt,randomizado,2,0.9,50,,3202324448,0.0391084,16
2026-01-18 21:08:16,instances/le450_25d.col.txt,randomizado,2,0.9,50,,3242055848,0.0381142,16
2026-01-18 21:08:16,instances/le450_25d.col.txt,randomizado,2,0.9,50,,3280720848,0.0386397,16
2026-01-18 21:08:16,instances/le450_25d.col.txt,randomizado,2,0.9,50,,3319968048,0.0391043,16
2026-01-18 21:08:16,instances/le450_25d.col.txt,randomizado,2,0.9,50,,3359588548,0.0387649,16
2026-01-18 21:08:16,instances/le450_25d.col.txt,randomizado,2,0.9,50,,3398817348,0.0384397,16
2026-01-18 21:08:16,instances/le450_25d.col.txt,randomizado,2,0.9,50,,3437777348,0.0387957,16
2026-01-18 21:08:21,instances/r250.5.col.txt,randomizado,2,0.9,50,,3438076852,0.018149,27
2026-01-18 21:08:21,instances/r250.5.col.txt,randomizado,2,0.9,50,,3457568452,0.0176892,27
2026-01-18 21:08:21,instances/r250.5.col.txt,randomizado,2,0.9,50,,3476317952,0.0185216,27
2026-01-18 21:08:21,instances/r250.5.col.txt,randomizado,2,0.9,50,,3495347952,0.0176487,27
2026-01-18 21:08:21,instances/r250.5.col.txt,randomizado,2,0.9,50,,3513704852,0.0178608,27
2026-01-18 21:08:21,instances/r250.5.col.txt,randomizado,2,0.9,50,,3532136452,0.0180115,27
2026-01-18 21:08:21,instances/r250.5.col.txt,randomizado,2,0.9,50,,3550547352,0.017834,26
2026-01-18 21:08:21,instances/r250.5.col.txt,randomizado,2,0.9,50,,3568808252,0.0175526,26
2026-01-18 21:08:21,instances/r250.5.col.txt,randomizado,2,0.9,50,,3587093452,0.0178857,26
2026-01-18 21:08:21,instances/r250.5.col.txt,randomizado,2,0.9,50,,3605494252,0.0176059,26
2026-01-18 21:08:26,instances/r1000.1c.col.txt,randomizado,2,0.9,50,,3925825456,0.406461,94
2026-01-18 21:08:26,instances/r1000.1c.col.txt,randomizado,2,0.9,50,,38365560,0.409445,94
2026-01-18 21:08:27,instances/r1000.1c.col.txt,randomizado,2,0.9,50,,448286660,0.407707,94
2026-01-18 21:08:27,instances/r1000.1c.col.txt,randomizado,2,0.9,50,,856551660,0.397547,95
2026-01-18 21:08:27,instances/r1000.1c.col.txt,randomizado,2,0.9,50,,1254561660,0.396951,95
2026-01-18 21:08:28,instances/r1000.1c.col.txt,randomizado,2,0.9,50,,1652052360,0.401524,95
2026-01-18 21:08:28,instances/r1000.1c.col.txt,randomizado,2,0.9,50,,2054254960,0.406912,96
2026-01-18 21:08:29,instances/r1000.1c.col.txt,randomizado,2,0.9,50,,2461567560,0.399424,95
2026-01-18 21:08:29,instances/r1000.1c.col.txt,randomizado,2,0.9,50,,2861523860,0.405304,95
2026-01-18 21:08:29,instances/r1000.1c.col.txt,randomizado,2,0.9,50,,3267461360,0.404199,96
2026-01-18 21:08:32,instances/r1000.5.col.txt,randomizado,2,0.9,50,,2142145664,0.358306,96
2026-01-18 21:08:33,instances/r1000.5.col.txt,randomizado,2,0.9,50,,2501625564,0.35197,95
2026-01-18 21:08:33,instances/r1000.5.col.txt,randomizado,2,0.9,50,,2854263464,0.357449,95
2026-01-18 21:08:34,instances/r1000.5.col.txt,randomizado,2,0.9,50,,3212233564,0.353175,95
2026-01-18 21:08:34,instances/r1000.5.col.txt,randomizado,2,0.9,50,,3566324464,0.357758,95
2026-01-18 21:08:34,instances/r1000.5.col.txt,randomizado,2,0.9,50,,3924781964,0.350504,95
2026-01-18 21:08:35,instances/r1000.5.col.txt,randomizado,2,0.9,50,,4275703464,0.352126,95
2026-01-18 21:08:35,instances/r1000.5.col.txt,randomizado,2,0.9,50,,333530168,0.350404,96
2026-01-18 21:08:35,instances/r1000.5.col.txt,randomizado,2,0.9,50,,684495968,0.351066,96
2026-01-18 21:08:36,instances/r1000.5.col.txt,randomizado,2,0.9,50,,1036430768,0.3692,95
2026-01-18 21:10:22,instances/flat1000_76_0.col.txt,reativo,2,0.2,500,50,2186140164,2.82964,66
2026-01-18 21:10:25,instances/flat1000_76_0.col.txt,reativo,2,0.2,500,50,721994268,2.83712,67
2026-01-18 21:10:28,instances/flat1000_76_0.col.txt,reativo,2,0.4,500,50,3560004468,2.84646,66
2026-01-18 21:10:31,instances/flat1000_76_0.col.txt,reativo,2,0.4,500,50,2112147472,2.82653,66
2026-01-18 21:10:34,instances/flat1000_76_0.col.txt,reativo,2,0.4,500,50,644241176,2.81894,67
2026-01-18 21:10:37,instances/flat1000_76_0.col.txt,reativo,2,0.2,500,50,3463867276,3.00877,67
2026-01-18 21:10:40,instances/flat1000_76_0.col.txt,reativo,2,0.4,500,50,2178616180,3.46615,67
2026-01-18 21:10:43,instances/flat1000_76_0.col.txt,reativo,2,0.4,500,50,1350432184,3.32515,67
2026-01-18 21:10:46,instances/flat1000_76_0.col.txt,reativo,2,0.4,500,50,381069288,2.83593,67
2026-01-18 21:10:49,instances/flat1000_76_0.col.txt,reativo,2,0.2,500,50,3217579588,2.90215,67
2026-01-18 21:10:56,instances/latin_square.col.txt,reativo,2,0.9,500,50,1333211096,3.10753,97
2026-01-18 21:10:59,instances/latin_square.col.txt,reativo,2,0.2,500,50,147016900,3.09521,96
2026-01-18 21:11:02,instances/latin_square.col.txt,reativo,2,0.9,500,50,3242845000,3.22087,97
2026-01-18 21:11:06,instances/latin_square.col.txt,reativo,2,0.9,500,50,2169422804,3.53659,96
2026-01-18 21:11:09,instances/latin_square.col.txt,reativo,2,0.4,500,50,1412138408,3.43569,97
2026-01-18 21:11:13,instances/latin_square.col.txt,reativo,2,0.4,500,50,553699312,3.44567,97
2026-01-18 21:11:16,instances/latin_square.col.txt,reativo,2,0.9,500,50,3999951112,3.29806,97
2026-01-18 21:11:20,instances/latin_square.col.txt,reativo,2,0.4,500,50,3003843016,3.58719,97
2026-01-18 21:11:23,instances/latin_square.col.txt,reativo,2,0.4,500,50,2296653920,3.68962,97
2026-01-18 21:11:27,instances/latin_square.col.txt,reativo,2,0.9,500,50,1692328924,3.50281,96
2026-01-18 21:12:09,instances/le450_25c.col.txt,reativo,2,0.2,500,50,4131042064,0.413517,14
2026-01-18 21:12:10,instances/le450_25c.col.txt,reativo,2,0.2,500,50,251112568,0.410677,14
2026-01-18 21:12:10,instances/le450_25c.col.txt,reativo,2,0.2,500,50,662379368,0.405415,14
2026-01-18 21:12:10,instances/le450_25c.col.txt,reativo,2,0.2,500,50,1068383468,0.39932,14
2026-01-18 21:12:11,instances/le450_25c.col.txt,reativo,2,0.2,500,50,1468394968,0.402317,14
2026-01-18 21:12:11,instances/le450_25c.col.txt,reativo,2,0.2,500,50,1871257368,0.400813,14
2026-01-18 21:12:12,instances/le450_25c.col.txt,reativo,2,0.2,500,50,2272484368,0.404667,14
2026-01-18 21:12:12,instances/le450_25c.col.txt,reativo,2,0.2,500,50,2677784668,0.434858,14
2026-01-18 21:12:13,instances/le450_25c.col.txt,reativo,2,0.2,500,50,3113468868,0.410474,14
2026-01-18 21:12:13,instances/le450_25c.col.txt,reativo,2,0.2,500,50,3524632768,0.466872,14
2026-01-18 21:12:46,instances/le450_25d.col.txt,reativo,2,0.2,500,50,2498678500,0.436881,14
2026-01-18 21:12:47,instances/le450_25d.col.txt,reativo,2,0.4,500,50,2936642800,0.420693,14
2026-01-18 21:12:47,instances/le450_25d.col.txt,reativo,2,0.2,500,50,3357797600,0.449662,14
2026-01-18 21:12:48,instances/le450_25d.col.txt,reativo,2,0.2,500,50,3807946200,0.448387,14
2026-01-18 21:12:48,instances/le450_25d.col.txt,reativo,2,0.2,500,50,4256803100,0.413685,14
2026-01-18 21:12:48,instances/le450_25d.col.txt,reativo,2,0.2,500,50,376028904,0.408032,14
2026-01-18 21:12:49,instances/le450_25d.col.txt,reativo,2,0.2,500,50,784724304,0.498089,14
2026-01-18 21:12:49,instances/le450_25d.col.txt,reativo,2,0.2,500,50,1283467404,0.447303,14
2026-01-18 21:12:50,instances/le450_25d.col.txt,reativo,2,0.2,500,50,1731452604,0.464185,14
2026-01-18 21:12:50,instances/le450_25d.col.txt,reativo,2,0.2,500,50,2196130504,0.474318,14
2026-01-18 21:13:24,instances/r250.5.col.txt,reativo,2,0.2,500,50,1886151536,0.177043,24
2026-01-18 21:13:24,instances/r250.5.col.txt,reativo,2,0.2,500,50,2064299336,0.173163,24
2026-01-18 21:13:24,instances/r250.5.col.txt,reativo,2,0.2,500,50,2237924936,0.180978,24
2026-01-18 21:13:25,instances/r250.5.col.txt,reativo,2,0.2,500,50,2419397436,0.174017,24
2026-01-18 21:13:25,instances/r250.5.col.txt,reativo,2,0.2,500,50,2594073936,0.18043,24
2026-01-18 21:13:25,instances/r250.5.col.txt,reativo,2,0.2,500,50,2775440536,0.174178,24
2026-01-18 21:13:25,instances/r250.5.col.txt,reativo,2,0.2,500,50,2950171036,0.177489,24
2026-01-18 21:13:25,instances/r250.5.col.txt,reativo,2,0.2,500,50,3128371636,0.179224,24
2026-01-18 21:13:26,instances/r250.5.col.txt,reativo,2,0.2,500,50,3308163436,0.181416,24
2026-01-18 21:13:26,instances/r250.5.col.txt,reativo,2,0.2,500,50,3490267936,0.177873,24
2026-01-18 21:13:33,instances/r1000.1c.col.txt,reativo,2,0.2,500,50,2631649140,4.11052,85
2026-01-18 21:13:38,instances/r1000.1c.col.txt,reativo,2,0.2,500,50,2448225044,4.64977,86
2026-01-18 21:13:43,instances/r1000.1c.col.txt,reativo,2,0.2,500,50,2804076348,4.84957,87
2026-01-18 21:13:47,instances/r1000.1c.col.txt,reativo,2,0.2,500,50,3359461152,4.68034,86
2026-01-18 21:13:51,instances/r1000.1c.col.txt,reativo,2,0.2,500,50,3745344556,4.08872,87
2026-01-18 21:13:56,instances/r1000.1c.col.txt,reativo,2,0.2,500,50,3540636360,4.28307,85
2026-01-18 21:14:00,instances/r1000.1c.col.txt,reativo,2,0.2,500,50,3529690464,4.0666,86
2026-01-18 21:14:04,instances/r1000.1c.col.txt,reativo,2,0.2,500,50,3301889568,4.04598,86
2026-01-18 21:14:08,instances/r1000.1c.col.txt,reativo,2,0.2,500,50,3053721972,4.0725,85
2026-01-18 21:14:12,instances/r1000.1c.col.txt,reativo,2,0.2,500,50,2832227376,4.04726,86
2026-01-18 21:15:33,instances/r1000.5.col.txt,reativo,2,0.2,500,50,2941475652,3.70769,87
2026-01-18 21:15:37,instances/r1000.5.col.txt,reativo,2,0.2,500,50,2355615756,3.70523,87
2026-01-18 21:15:41,instances/r1000.5.col.txt,reativo,2,0.2,500,50,1766428460,3.68443,87
2026-01-18 21:15:45,instances/r1000.5.col.txt,reativo,2,0.2,500,50,1156623864,3.98314,88
2026-01-18 21:15:49,instances/r1000.5.col.txt,reativo,2,0.2,500,50,845511068,3.98097,88
2026-01-18 21:15:52,instances/r1000.5.col.txt,reativo,2,0.2,500,50,532304572,3.87953,87
2026-01-18 21:15:56,instances/r1000.5.col.txt,reativo,2,0.2,500,50,117755376,3.9053,87
2026-01-18 21:16:00,instances/r1000.5.col.txt,reativo,2,0.2,500,50,4023795776,3.91701,88
2026-01-18 21:16:04,instances/r1000.5.col.txt,reativo,2,0.2,500,50,3646425380,3.79931,87
2026-01-18 21:16:08,instances/r1000.5.col.txt,reativo,2,0.2,500,50,3151596584,3.72306,87
2026-01-18 21:46:20,instances/C4000.5.col.txt,reativo,2,0.2,500,50,3819653700,79.8452,231
2026-01-18 21:47:42,instances/C4000.5.col.txt,reativo,2,0.2,500,50,2065394076,82.3239,230
2026-01-18 21:49:05,instances/C4000.5.col.txt,reativo,2,0.4,500,50,2786074852,82.5251,230
2026-01-18 21:51:09,instances/flat300_28_0.col.txt,reativo,2,0.4,500,50,3733891144,0.246947,23
2026-01-18 21:51:10,instances/flat300_28_0.col.txt,reativo,2,0.4,500,50,3981790144,0.229412,23
2026-01-18 21:51:10,instances/flat300_28_0.col.txt,reativo,2,0.2,500,50,4212293744,0.231636,23
2026-01-18 21:51:10,instances/flat300_28_0.col.txt,reativo,2,0.4,500,50,149501548,0.230941,23
2026-01-18 21:51:10,instances/flat300_28_0.col.txt,reativo,2,0.2,500,50,380893048,0.22781,23
2026-01-18 21:51:11,instances/flat300_28_0.col.txt,reativo,2,0.2,500,50,609465448,0.230546,23
2026-01-18 21:51:11,instances/flat300_28_0.col.txt,reativo,2,0.4,500,50,840600448,0.228805,23
2026-01-18 21:51:11,instances/flat300_28_0.col.txt,reativo,2,0.2,500,50,1069920348,0.228734,23
2026-01-18 21:51:11,instances/flat300_28_0.col.txt,reativo,2,0.4,500,50,1299543248,0.238355,23
2026-01-18 21:51:12,instances/flat300_28_0.col.txt,reativo,2,0.4,500,50,1538235448,0.228349,23
2026-01-22 11:36:37,instances/dsjc250.5.col.txt,randomizado,2,0.2,50,,1122699172,0.0161026,20
2026-01-22 11:36:37,instances/dsjc250.5.col.txt,randomizado,2,0.2,50,,1141681872,0.0163113,20
2026-01-22 11:36:37,instances/dsjc250.5.col.txt,randomizado,2,0.2,50,,1158541272,0.0165554,20
2026-01-22 11:36:38,instances/dsjc250.5.col.txt,randomizado,2,0.2,50,,1175498472,0.0166333,20
2026-01-22 11:36:38,instances/dsjc250.5.col.txt,randomizado,2,0.2,50,,1192670172,0.0167393,20
2026-01-22 11:36:38,instances/dsjc250.5.col.txt,randomizado,2,0.2,50,,1209935172,0.016158,20
2026-01-22 11:36:38,instances/dsjc250.5.col.txt,randomizado,2,0.2,50,,1226583872,0.0168119,20
2026-01-22 11:36:38,instances/dsjc250.5.col.txt,randomizado,2,0.2,50,,1243901772,0.0164557,20
2026-01-22 11:36:38,instances/dsjc250.5.col.txt,randomizado,2,0.2,50,,1260899772,0.0165074,20
2026-01-22 11:36:38,instances/dsjc250.5.col.txt,randomizado,2,0.2,50,,1277902772,0.016263,20
2026-01-22 11:38:50,instances/dsjc250.5.col.txt,randomizado,2,0.2,50,,512981196,0.0167436,20
2026-01-22 11:38:50,instances/dsjc250.5.col.txt,randomizado,2,0.2,50,,530721196,0.0164929,20
2026-01-22 11:38:50,instances/dsjc250.5.col.txt,randomizado,2,0.2,50,,547831296,0.0160684,20
2026-01-22 11:38:50,instances/dsjc250.5.col.txt,randomizado,2,0.2,50,,564419696,0.0168346,20
2026-01-22 11:38:50,instances/dsjc250.5.col.txt,randomizado,2,0.2,50,,581880196,0.0161518,20
2026-01-22 11:38:50,instances/dsjc250.5.col.txt,randomizado,2,0.2,50,,598511596,0.0159644,20
2026-01-22 11:38:50,instances/dsjc250.5.col.txt,randomizado,2,0.2,50,,614977196,0.0167643,20
2026-01-22 11:38:50,instances/dsjc250.5.col.txt,randomizado,2,0.2,50,,632380196,0.0170199,20
2026-01-22 11:38:50,instances/dsjc250.5.col.txt,randomizado,2,0.2,50,,649842896,0.016258,20
2026-01-22 11:38:50,instances/dsjc250.5.col.txt,randomizado,2,0.2,50,,666638896,0.0162429,20
2026-01-22 11:39:11,instances/dsjc250.5.col.txt,reativo,2,0.2,500,50,373754216,0.166985,20
2026-01-22 11:39:12,instances/dsjc250.5.col.txt,reativo,2,0.2,500,50,541832416,0.165274,20
2026-01-22 11:39:12,instances/dsjc250.5.col.txt,reativo,2,0.4,500,50,707801216,0.167059,20
2026-01-22 11:39:12,instances/dsjc250.5.col.txt,reativo,2,0.2,500,50,876093216,0.163833,20
2026-01-22 11:39:12,instances/dsjc250.5.col.txt,reativo,2,0.2,500,50,1040432816,0.165236,20
2026-01-22 11:39:12,instances/dsjc250.5.col.txt,reativo,2,0.4,500,50,1206598316,0.16495,20
2026-01-22 11:39:12,instances/dsjc250.5.col.txt,reativo,2,0.2,500,50,1372532916,0.166238,20
2026-01-22 11:39:13,instances/dsjc250.5.col.txt,reativo,2,0.2,500,50,1539289116,0.166631,20
2026-01-22 11:39:13,instances/dsjc250.5.col.txt,reativo,2,0.2,500,50,1706493316,0.1663,20
2026-01-22 11:39:13,instances/dsjc250.5.col.txt,reativo,2,0.2,500,50,1873467816,0.164904,20
2026-01-22 11:39:30,instances/dsjc250.5.col.txt,randomizado,2,0.2,50,,2027046432,0.0160396,20
2026-01-22 11:39:30,instances/dsjc250.5.col.txt,randomizado,2,0.2,50,,2044346232,0.0159546,20
2026-01-22 11:39:30,instances/dsjc250.5.col.txt,randomizado,2,0.2,50,,2061093832,0.0161121,20
2026-01-22 11:39:30,instances/dsjc250.5.col.txt,randomizado,2,0.2,50,,2077942232,0.0163912,20
2026-01-22 11:39:30,instances/dsjc250.5.col.txt,randomizado,2,0.2,50,,2094755932,0.0161747,20
2026-01-22 11:39:30,instances/dsjc250.5.col.txt,randomizado,2,0.2,50,,2111633732,0.0161582,20
2026-01-22 11:39:30,instances/dsjc250.5.col.txt,randomizado,2,0.2,50,,2128206132,0.0164872,20
2026-01-22 11:39:30,instances/dsjc250.5.col.txt,randomizado,2,0.2,50,,2145116832,0.016511,20
2026-01-22 11:39:30,instances/dsjc250.5.col.txt,randomizado,2,0.2,50,,2162202432,0.0161844,20
2026-01-22 11:39:30,instances/dsjc250.5.col.txt,randomizado,2,0.2,50,,2178860032,0.0161042,20
2026-01-22 11:39:45,instances/dsjc250.5.col.txt,guloso,2,,,,80495948,0.0001694,22
2026-01-22 11:39:45,instances/dsjc250.5.col.txt,guloso,2,,,,81537748,0.0001588,22
2026-01-22 11:39:45,instances/dsjc250.5.col.txt,guloso,2,,,,81954148,0.0001596,22
2026-01-22 11:39:45,instances/dsjc250.5.col.txt,guloso,2,,,,82373048,0.0001699,22
2026-01-22 11:39:45,instances/dsjc250.5.col.txt,guloso,2,,,,82791048,0.0001732,22
2026-01-22 11:39:45,instances/dsjc250.5.col.txt,guloso,2,,,,83179748,0.0001536,22
2026-01-22 11:39:45,instances/dsjc250.5.col.txt,guloso,2,,,,83543348,0.0001498,22
2026-01-22 11:39:45,instances/dsjc250.5.col.txt,guloso,2,,,,83883848,0.0001497,22
2026-01-22 11:39:45,instances/dsjc250.5.col.txt,guloso,2,,,,84313948,0.0001923,22
2026-01-22 11:39:45,instances/dsjc250.5.col.txt,guloso,2,,,,84959648,0.0001572,22
2026-01-22 11:45:22,instances/r1000.5.col.txt,reativo,2,0.2,500,50,2325150156,3.58799,88
2026-01-22 11:45:26,instances/r1000.5.col.txt,reativo,2,0.2,500,50,1619269560,3.65364,88
2026-01-22 11:45:29,instances/r1000.5.col.txt,reativo,2,0.2,500,50,978925764,3.5959,88
2026-01-22 11:45:33,instances/r1000.5.col.txt,reativo,2,0.2,500,50,280559868,3.57732,88
2026-01-22 11:45:36,instances/r1000.5.col.txt,reativo,2,0.2,500,50,3858932168,3.57705,88
2026-01-22 11:45:40,instances/r1000.5.col.txt,reativo,2,0.2,500,50,3141820572,3.70127,87
2026-01-22 11:45:44,instances/r1000.5.col.txt,reativo,2,0.2,500,50,2549403176,3.70855,87
2026-01-22 11:45:47,instances/r1000.5.col.txt,reativo,2,0.2,500,50,1963495780,3.60491,87
2026-01-22 11:45:51,instances/r1000.5.col.txt,reativo,2,0.2,500,50,1274331884,3.55726,87
2026-01-22 11:45:54,instances/r1000.5.col.txt,reativo,2,0.2,500,50,537819588,3.58467,87
2026-01-22 11:51:03,instances/r1000.5.col.txt,reativo,2,0.2,500,50,4275537072,3.58669,87
2026-01-22 11:51:07,instances/r1000.5.col.txt,reativo,2,0.2,500,50,3568499776,3.61075,87
2026-01-22 11:51:10,instances/r1000.5.col.txt,reativo,2,0.2,500,50,2884947880,3.63284,88
2026-01-22 11:51:14,instances/r1000.5.col.txt,reativo,2,0.2,500,50,2223763484,3.71549,87
2026-01-22 11:51:18,instances/r1000.5.col.txt,reativo,2,0.2,500,50,1645026088,3.87047,87
2026-01-22 11:51:22,instances/r1000.5.col.txt,reativo,2,0.2,500,50,1221179592,4.03233,88
2026-01-22 11:51:26,instances/r1000.5.col.txt,reativo,2,0.2,500,50,960170996,4.15632,87
2026-01-22 11:51:30,instances/r1000.5.col.txt,reativo,2,0.2,500,50,822534100,4.117,87
2026-01-22 11:51:34,instances/r1000.5.col.txt,reativo,2,0.2,500,50,645800604,4.15197,87
2026-01-22 11:51:39,instances/r1000.5.col.txt,reativo,2,0.4,500,50,503638308,4.21687,88
2026-01-22 11:52:30,instances/r1000.5.col.txt,reativo,2,0.2,500,50,3277002648,9.51634,132
2026-01-22 11:52:40,instances/r1000.5.col.txt,reativo,2,0.4,500,50,4204728756,10.556,131
2026-01-22 11:52:51,instances/r1000.5.col.txt,reativo,2,0.2,500,50,1876460668,10.3767,131
2026-01-22 11:53:02,instances/r1000.5.col.txt,reativo,2,0.2,500,50,3664269176,10.925,129
2026-01-22 11:53:13,instances/r1000.5.col.txt,reativo,2,0.4,500,50,1705210688,11.1941,131
2026-01-22 11:53:24,instances/r1000.5.col.txt,reativo,2,0.2,500,50,15815500,11.1416,129
2026-01-22 11:53:35,instances/r1000.5.col.txt,reativo,2,0.2,500,50,2568306608,11.2924,131
2026-01-22 11:53:47,instances/r1000.5.col.txt,reativo,2,0.2,500,50,976802720,11.4652,131
2026-01-22 11:53:59,instances/r1000.5.col.txt,reativo,2,0.2,500,50,3853017728,12.1308,131
2026-01-22 11:54:11,instances/r1000.5.col.txt,reativo,2,0.2,500,50,3099620340,12.6277,129
2026-01-22 11:54:59,instances/r1000.5.col.txt,reativo,0,0.2,500,50,2657025492,4.82007,249
2026-01-22 11:55:04,instances/r1000.5.col.txt,reativo,0,0.2,500,50,3183288396,4.8872,250
2026-01-22 11:55:09,instances/r1000.5.col.txt,reativo,0,0.2,500,50,3775977400,5.49514,250
2026-01-22 11:55:15,instances/r1000.5.col.txt,reativo,0,0.2,500,50,682106708,5.44991,250
2026-01-22 11:55:20,instances/r1000.5.col.txt,reativo,0,0.2,500,50,1837564412,5.3156,250
2026-01-22 11:55:26,instances/r1000.5.col.txt,reativo,0,0.2,500,50,2858758216,5.56945,249
2026-01-22 11:55:31,instances/r1000.5.col.txt,reativo,0,0.2,500,50,4134472020,5.39142,250
2026-01-22 11:55:36,instances/r1000.5.col.txt,reativo,0,0.2,500,50,936535028,5.3242,251
2026-01-22 11:55:42,instances/r1000.5.col.txt,reativo,0,0.2,500,50,1966340632,5.41311,250
2026-01-22 11:55:47,instances/r1000.5.col.txt,reativo,0,0.2,500,50,3085346636,5.33426,250
2026-01-22 11:57:55,instances/r1000.5.col.txt,reativo,0,0.2,500,50,2998470556,4.72554,249
2026-01-22 11:58:00,instances/r1000.5.col.txt,reativo,0,0.2,500,50,3430380760,4.69978,250
2026-01-22 11:58:05,instances/r1000.5.col.txt,reativo,0,0.2,500,50,3835869564,5.14888,250
2026-01-22 11:58:10,instances/r1000.5.col.txt,reativo,0,0.2,500,50,396172672,5.15544,250
2026-01-22 11:58:16,instances/r1000.5.col.txt,reativo,0,0.2,500,50,1257213676,5.22739,250
2026-01-22 11:58:21,instances/r1000.5.col.txt,reativo,0,0.2,500,50,2190404380,5.10366,250
2026-01-22 11:58:26,instances/r1000.5.col.txt,reativo,0,0.2,500,50,2999945684,5.36811,250
2026-01-22 11:58:31,instances/r1000.5.col.txt,reativo,0,0.2,500,50,4074061588,5.13445,250
2026-01-22 11:58:37,instances/r1000.5.col.txt,reativo,0,0.2,500,50,619793596,5.34877,249
2026-01-22 11:58:42,instances/r1000.5.col.txt,reativo,0,0.2,500,50,1675024500,5.17469,249
